ACES Undeclared,ACES
Adult Development,ACES
Agri-Accounting,ACES
Agribusiness Markets & Management,ACES
Agribusiness and Sustainable Food Production Economics,ACES
Agricultural & Applied Economics,ACES
Agricultural & Biological Engineering Sciences,ACES
Agricultural & Consumer Economics,ACES
Agricultural Communications,ACES
"Agricultural Leadership, Education, & Communications",ACES
Agricultural Production & Processing,ACES
Agroecology,ACES
Agronomy,ACES
Animal Sciences,ACES
Bioprocessing & Bioenergy,ACES
Child Health & Well-being,ACES
Clinical and Community Nutrition,ACES
Companion Animal & Equine Science,ACES
Computer Science + Animal Sciences,ACES
Computer Science + Crop Sciences,ACES
Construction Management,ACES
Consumer Economics & Finance,ACES
Crop & Soil Management,ACES
Crop Agribusiness,ACES
Crop Sciences,ACES
Dairy Nutrition for Udder Success,ACES
Dietetics,ACES
Digital & Precision Agriculture,ACES
Ecosystem Stewardship & Restoration Ecology,ACES
Energy & the Environment,ACES
Engineering Technology & Management for Agricultural Systems,ACES
Environmental Economics & Law,ACES
Environmental Economics & Policy,ACES
Environmental Social Sciences,ACES
Environmental Stewardship & Management,ACES
Farm Management,ACES
Finance in Agribusiness,ACES
Financial Planning,ACES
"Fish, Wildlife & Conservation Biology",ACES
Food & Agribusiness Management,ACES
Food & Environmental Systems,ACES
Food Animal Production & Management,ACES
"Food Regulations, Nutrition Policy, and Personalized Nutrition",ACES
Food Science,ACES
Food Science & Human Nutrition,ACES
Horticultural Food Systems,ACES
Horticulture,ACES
Hospitality Management,ACES
Human Development & Family Studies,ACES
Human Nutrition,ACES
Industrial and Agricultural Safety & Health,ACES
International Development Economics,ACES
International Minor in ACES,ACES
"Land, Agriculture and Alternative Investing",ACES
Leadership Studies,ACES
Natural Resource Conservation,ACES
Natural Resources & Environmental Sciences,ACES
Nutrition,ACES
Nutritional Sciences,ACES
Organizational & Community Leadership,ACES
Plant Biotechnology,ACES
"Policy, International Trade & Development",ACES
Public Policy & Law,ACES
"Science, Pre-Veterinary and Medical",ACES
Spatial & Quantitative Methods in Natural Resources & Environmental Sciences,ACES
Sustainability in Food & Environmental Systems,ACES
Wetland Science and Conservation,ACES
Wildlife & Fisheries Conservation,ACES
Aging,AHS
Audiology,AHS
Community Health,AHS
Cultural-Linguistic Diversity,AHS
Disability Studies,AHS
"Epidemiology, MPH",AHS
Health & Aging,AHS
Health Administration,AHS
Health Behavior Change,AHS
Health Behavior and Promotion,AHS
Health Diversity,AHS
Health Education,AHS
Health Planning & Administration,AHS
Health Technology,AHS
"Inclusive by Design in Recreation, Sport, and Tourism",AHS
Interdisciplinary Health Sciences,AHS
Kinesiology,AHS
Neuroscience of Communication,AHS
Physical Activity and Health,AHS
Public Health,AHS
Recreation Management,AHS
"Recreation, Sport & Tourism",AHS
Rehabilitation Studies,AHS
Speech & Hearing Science,AHS
Speech-Language Pathology,AHS
Sport Management,AHS
Tourism Management,AHS
Accountancy,BUS
Accountancy + Data Science,BUS
Accountancy Analytics,BUS
Accountancy Data Analytics,BUS
Accounting Foundations,BUS
Business,BUS
Business + Data Science,BUS
Business Administration,BUS
Business Analytics,BUS
Business Data Analytics,BUS
Business Undeclared,BUS
CPA Pathways,BUS
Consumer-Centric Innovation and Design,BUS
Corporate Governance & International Business,BUS
Data Analytics in Accountancy,BUS
Data Analytics in Finance,BUS
Digital Marketing,BUS
Entrepreneurship & Strategic Innovation,BUS
Finance,BUS
Finance + Data Science,BUS
Financial Management,BUS
Financial Reporting & Assurance,BUS
Global Challenges in Business,BUS
Information Systems,BUS
Information Technology & Control,BUS
International Business,BUS
Leadership and Organizational Management,BUS
Management,BUS
Managerial Economics & Business Analysis,BUS
Marketing,BUS
Operations Management,BUS
Real Estate,BUS
Strategic Leadership Management,BUS
"Strategy, Innovation, and Entrepreneurship",BUS
Supply Chain Management,BUS
Taxation,BUS
Technology Management,BUS
Value Chain Management,BUS
Technology & Management,BUS ENGR
Financial Engineering,"BUS, ENGR"
Medicine,CI MED
Bilingual-Bicultural Education,EDUC
Cancer Education Management in Underrepresented and Diverse Communities,EDUC
College Teaching,EDUC
Computer Science + Education,EDUC
Curriculum & Instruction,EDUC
Digital Learning,EDUC
Diversity & Equity in Education,EDUC
Early Childhood Education,EDUC
EdM,EDUC
"Education Policy, Organization & Leadership",EDUC
Educational Administration & Leadership,EDUC
Educational Equality & Cultural Understanding,EDUC
Educational Psychology,EDUC
Educational Technology,EDUC
Elementary Education,EDUC
Global Studies in Education,EDUC
Higher Education,EDUC
History of Education,EDUC
Human Resource Development,EDUC
Inclusive Leadership & Learning in Organizations,EDUC
Instructional System Design Management and Leadership,EDUC
International Education Administration and Leadership,EDUC
Learning & Education Studies,EDUC
Learning Design & Leadership,EDUC
Learning Sciences,EDUC
Literacy,EDUC
Mathematics Teaching,EDUC
Mental Health Counseling,EDUC
Middle Grades Education,EDUC
Philosophy of Education,EDUC
Science,EDUC
Science Teaching,EDUC
Secondary Education,EDUC
Secondary School Teaching,EDUC
Social Science,EDUC
Social Sciences & Education Policy,EDUC
Special Education,EDUC
Trauma-Informed Practice and Pedagogy,EDUC
Workplace Training & Development,EDUC
Advanced Analytics,ENGR
Aerospace Engineering,ENGR
Aerospace Systems Engineering,ENGR
Agricultural & Biological Engineering,ENGR
Automated Trading Practices,ENGR
Autonomy & Robotics,ENGR
Bioengineering,ENGR
Bioinstrumentation,ENGR
Biomedical Image Computing,ENGR
Chemical Engineering Leadership,ENGR
Civil Engineering,ENGR
Computational Science & Engineering,ENGR
Computer Engineering,ENGR
Computer Science,ENGR
Computer Science + Bioengineering,ENGR
Computer Science + Physics,ENGR
Computing Fundamentals,ENGR
Data Science & Engineering,ENGR
Digital Agriculture,ENGR
Electrical & Computer Engineering,ENGR
Electrical Engineering,ENGR
Electronic Materials,ENGR
Engineering,ENGR
Engineering Mechanics,ENGR
Engineering Physics,ENGR
Entrepreneurship & Innovation,ENGR
Environmental Engineering,ENGR
Environmental Engineering in Civil Engineering,ENGR
General Bioengineering,ENGR
Industrial Engineering,ENGR
"Innovation, Leadership, & Engineering Entrepreneurship",ENGR
Instrumentation and Applied Physics,ENGR
International Minor in Engineering,ENGR
Materials Engineering,ENGR
Materials Science & Engineering,ENGR
Materials Science & Engineering + Data Science,ENGR
Mechanical Engineering,ENGR
Neural Engineering,ENGR
"Nuclear, Plasma & Radiological Engineering",ENGR
"Nuclear, Plasma, and Radiological Engineering + Data Science",ENGR
Physics,ENGR
"Physics, Teaching of",ENGR
Plasma Engineering,ENGR
Semiconductor Engineering,ENGR
Systems & Entrepreneurial Engineering,ENGR
Systems Engineering and Design,ENGR
Theoretical & Applied Mechanics,ENGR
Chemical & Biomolecular Engineering,"ENGR, LAS"
Chemical Engineering,"ENGR, LAS"
Acting,FAA
Advanced Design Thinking,FAA
Architectural Studies,FAA
Architecture,FAA
Art & Design,FAA
Art Education,FAA
Art Undeclared,FAA
Arts & Entertainment Technology,FAA
Building Performance,FAA
Choral Music,FAA
Collaborative Piano,FAA
Community Based Art Education,FAA
Computer Science + Music,FAA
Costume Design & Technology,FAA
Creative Lyric Theatre,FAA
Dance,FAA
Design & Technology,FAA
Design for Responsible Innovation,FAA
Design of Tall Buildings,FAA
Detail and Fabrication,FAA
Fashion,FAA
Graphic Design,FAA
Health & Wellbeing,FAA
Health and Well-being for Designed Environments,FAA
Heritage Studies and Preservation,FAA
Hip Hop Culture and the Arts,FAA
Illustration,FAA
Industrial Design,FAA
Instrumental Conducting (Band),FAA
Instrumental Conducting (Orch),FAA
Instrumental Conducting (Wind Band),FAA
Instrumental Music,FAA
Interdisciplinary Practice,FAA
Japanese Arts and Aesthetics,FAA
Jazz Performance,FAA
Landscape Architecture,FAA
Landscape Studies,FAA
Lighting Design,FAA
Lyric Theatre,FAA
Minoritarian Aesthetics,FAA
Music,FAA
Music Composition,FAA
Music Education,FAA
Music Education: Technology,FAA
Music Technology,FAA
Music and Sound Studies,FAA
Musical Theatre,FAA
Musicology,FAA
New Media,FAA
Open Studies,FAA
Painting,FAA
Performance & Literature (Music),FAA
Performance Concentration,FAA
Photography,FAA
Piano Pedagogy,FAA
Printmaking,FAA
Regional Planning,FAA
Scenic Design,FAA
Scenic Technology,FAA
Sculpture,FAA
Sound Design & Technology,FAA
Stage Management,FAA
Structures,FAA
Studio Art,FAA
Sustainable Design,FAA
Sustainable Urban Design,FAA
Theatre,FAA
Urban Planning,FAA
Urban Studies Planning,FAA
Urbanism,FAA
Vocal Coaching & Accompanying,FAA
Voice Performance,FAA
Professional Science Master's,GRAD
Informatics,Info
Art,IS
Bioinformatics,IS
Design,IS
Game Development,IS
Game Studies,IS
Game Studies & Design,IS
Information Management,IS
Information Sciences,IS
Information Sciences + Data Science,IS
Library & Information Science,IS
Narrative,IS
Production,IS
Programming,IS
Actuarial Science,LAS
African American Studies,LAS
African Studies,LAS
American Indian & Indigenous Studies,LAS
American Indian Studies,LAS
Analytics,LAS
Anthropology,LAS
Applied Mathematics,LAS
Applied Statistics,LAS
Arabic Studies,LAS
Archaeology,LAS
Asian American Studies,LAS
Astronomy,LAS
Astronomy + Data Science,LAS
Astrophysics,LAS
Atmospheric Sciences,LAS
Balkan Studies,LAS
Biochemistry,LAS
Biological Anthropology,LAS
"Biological Sciences, Teaching of",LAS
Biology,LAS
Biomolecular Engineering,LAS
Biophysics & Quantitative Biology,LAS
Brazilian Studies,LAS
Cell & Developmental Biology,LAS
Chemical Engineering + Data Science,LAS
Chemistry,LAS
Chemistry Teaching,LAS
Civic Leadership,LAS
Classical Civilizations,LAS
Classical Languages,LAS
Classical Philology,LAS
Classics,LAS
Communication,LAS
Comparative & World Literature,LAS
Comparative Literature,LAS
Computer Science + Anthropology,LAS
Computer Science + Astronomy,LAS
Computer Science + Chemistry,LAS
Computer Science + Economics,LAS
Computer Science + Geography & Geographic Information Science,LAS
Computer Science + Linguistics,LAS
Computer Science + Philosophy,LAS
Creative Writing,LAS
"Criminology, Law, & Society",LAS
"CyberGIS and Geospatial Data Science, MS",LAS
Czech Studies,LAS
Data Optimization,LAS
Data Science,LAS
Developmental Psychopathology,LAS
Earth & Environmental Science,LAS
Earth Science Teaching,LAS
"Earth, Society, & Environmental Sustainability",LAS
East Asian Languages & Cultures,LAS
East Asian Languages Teaching,LAS
Ecological Community Psychology,LAS
Ecology & Conservation Biology,LAS
"Ecology, Evolution & Conservation Biology",LAS
Econometrics & Quantitative Economics,LAS
Economics,LAS
English,LAS
English as a Second Language,LAS
Enterprise Risk Management,LAS
Entomology,LAS
Environmental Chemistry,LAS
Environmental Geology,LAS
European Union Studies,LAS
"Evolution, Ecology, and Behavior",LAS
Financial and Insurance Analytics,LAS
French,LAS
French Studies,LAS
French Teaching,LAS
Gender & Women's Studies,LAS
General Geography,LAS
Geographic Information Science,LAS
Geography,LAS
Geography & Geographic Information Science,LAS
Geology,LAS
Geology & Geophysics,LAS
Geophysics,LAS
German,LAS
German Business & Commercial Studies,LAS
German Teaching,LAS
Germanic Studies,LAS
Global Markets & Society,LAS
Global Studies,LAS
Graduate Preparatory (Math),LAS
Greek,LAS
Health Communication,LAS
Hindi Studies,LAS
History,LAS
Human Geography Concentration,LAS
Individual Plans of Study,LAS
Integrative Biology,LAS
Integrative Biology Honors,LAS
Intellectual Property & Technology Law,LAS
Interdisciplinary Studies,LAS
International & Comparative Law,LAS
"Islamic World, Study of the",LAS
Italian,LAS
Jewish Studies,LAS
LGBT/Queer Studies,LAS
Language Studies (German),LAS
Latin,LAS
Latin American & Caribbean Studies,LAS
Latin American Studies,LAS
"Latin, Teaching of",LAS
Latina/Latino Studies,LAS
Linguistics,LAS
"Linguistics and Teaching English as a Second Language, BALAS (TESL)",LAS
Math Doctoral Preparation,LAS
Mathematics,LAS
Mathematics & Computer Science,LAS
Mathematics Teaching,LAS
Medieval Studies,LAS
Microbiology,LAS
Molecular & Cellular Biology,LAS
Molecular & Cellular Biology Honors,LAS
Molecular & Integrative Physiology,LAS
Molecular and Cellular Biology + Data Science,LAS
Museum Studies,LAS
Neuroscience,LAS
Philosophy,LAS
Physical Geography,LAS
Plant Biology,LAS
Policy Economics,LAS
Polish Studies Concentration,LAS
Political Science,LAS
Portuguese,LAS
Predictive Analytics and Risk Management,LAS
Psychological Science,LAS
Psychology,LAS
Queer Studies,LAS
Religion,LAS
Romance Linguistics,LAS
Russian & East European Studies,LAS
Russian Language & Literature,LAS
"Russian, East European & Eurasian Studies",LAS
Scandinavian Studies,LAS
Science of the Earth System,LAS
Second Language Acquisition & Teacher Education,LAS
"Slavic Language, Literature & Culture",LAS
Slavic Languages & Literatures,LAS
Slavic Studies,LAS
Social Science: History Teaching,LAS
Society & the Environment,LAS
Sociocultural & Linguistic Anthropology,LAS
Sociology,LAS
South Asian & Middle Eastern Studies,LAS
South Asian Studies,LAS
South Slavic Studies,LAS
Spanish,LAS
Spanish Linguistics,LAS
Spanish Literatures & Cultures,LAS
Spanish Teaching,LAS
Statistics,LAS
Statistics & Computer Science,LAS
Sub-Saharan African Languages,LAS
Translation & Interpreting,LAS
Ukrainian Studies,LAS
Weather And Climate Risk & Analysis,LAS
World Literatures,LAS
Writing Studies,LAS
English Teaching,LAS EDUC
Art History,"LAS, FAA"
"Corporate Law, Commercial Law, & Trade",LAW
Criminal Law,LAW
"Justice, Democracy, & Legal Rights",LAW
Law,LAW
Legal Studies,LAW
"Regulation, Sustainability, & Compliance",LAW
U.S. Legal Practice Skills,LAW
Compensation Best Practices,LER
Fundamentals of Human Resources,LER
Global Labor Studies,LER
Human Resources & Industrial Relations,LER
Human Resources Data Analytics,LER
Labor & Employment Relations,LER
Advertising,MDIA
Cinema Studies,MDIA
Communications & Media,MDIA
Computer Science + Advertising,MDIA
Critical Film Production,MDIA
Journalism,MDIA
Media,MDIA
Media & Cinema Studies,MDIA
Public Relations,MDIA
Strategic Brand Communication,MDIA
"Sustainability, Energy, and Environment",PROVOST
Advanced Clinical Practice,SOCW
Gender Relations in International Development,SOCW
Leadership & Social Change,SOCW
Schools Specialization,SOCW
Social Work,SOCW
Applied Veterinary Sciences,VETMED
Comparative Biosciences,VETMED
Livestock Systems Health,VETMED
Pathobiology,VETMED
Veterinary Medical Science - Comparative Biosciences,VETMED
Veterinary Medical Science - Pathobiology,VETMED
Veterinary Medical Sciences - Veterinary Clinical Medicine,VETMED
Veterinary Medicine,VETMED